SalesID,Date,Product,Region,Quantity,Sales,Profit,Year
1101,2025-01-01,Product B,North,15,1125,334.81,2025
1102,2025-01-02,Product C,West Coast,20,2400,221.02,2025
1103,2025-01-02,Product B,East,16,1200,151.14,2025
1104,2025-01-05,Product E,East,14,1260,118.44,2025
1105,2025-01-05,Product D,South,11,1650,220.1,2025
1106,2025-01-05,Product C,Central,3,360,51.37,2025
1107,2025-01-05,Product E,North,13,1170,310.72,2025
1108,2025-01-05,Product E,East,5,450,84.78,2025
1109,2025-01-06,Product B,North,8,600,101.89,2025
1110,2025-01-06,Product E,Central,15,1350,152.9,2025
1111,2025-01-06,Product B,South,7,525,77.39,2025
1112,2025-01-07,Product E,West Coast,9,810,50.29,2025
1113,2025-01-07,Product B,West Coast,4,300,23.96,2025
1114,2025-01-08,Product C,South,2,240,57.03,2025
1115,2025-01-09,Product B,North,6,450,32.52,2025
1116,2025-01-09,Product E,South,6,540,148.87,2025
1117,2025-01-10,Product D,South,14,2100,415.38,2025
1118,2025-01-10,Product A,North,2,100,27.31,2025
1119,2025-01-11,Product C,East,3,360,59.82,2025
1120,2025-01-11,Product E,North,13,1170,267.19,2025
1121,2025-01-12,Product B,North,15,1125,270.72,2025
1122,2025-01-13,Product B,West Coast,17,1275,218.66,2025
1123,2025-01-13,Product C,South,5,600,69.71,2025
1124,2025-01-13,Product E,South,9,810,169.63,2025
1125,2025-01-14,Product E,West Coast,8,720,85.61,2025
1126,2025-01-17,Product D,Central,11,1650,401.28,2025
1127,2025-01-17,Product A,South,1,50,2.87,2025
1128,2025-01-18,Product E,East,17,1530,284.01,2025
1129,2025-01-19,Product D,South,17,2550,426.97,2025
1130,2025-01-19,Product D,East,15,2250,521.07,2025
1131,2025-01-20,Product C,East,8,960,239.69,2025
1132,2025-01-20,Product C,South,17,2040,560.93,2025
1133,2025-01-20,Product B,South,20,1500,148.65,2025
1134,2025-01-21,Product D,West Coast,13,1950,519.43,2025
1135,2025-01-21,Product C,West Coast,17,2040,500.86,2025
1136,2025-01-22,Product D,Central,19,2850,570.3,2025
1137,2025-01-24,Product A,East,6,300,73.55,2025
1138,2025-01-24,Product D,North,9,1350,154.94,2025
1139,2025-01-25,Product E,West Coast,6,540,151.63,2025
1140,2025-01-26,Product B,West Coast,8,600,176.31,2025
1141,2025-01-27,Product C,West Coast,6,720,109.8,2025
1142,2025-01-28,Product E,East,5,450,59.24,2025
1143,2025-01-30,Product A,East,10,500,93.53,2025
1144,2025-01-30,Product A,East,4,200,14.0,2025
1145,2025-01-31,Product B,South,10,750,169.07,2025
1146,2025-02-01,Product B,North,6,450,59.47,2025
1147,2025-02-02,Product B,East,14,1050,135.92,2025
1148,2025-02-03,Product C,North,18,2160,138.07,2025
1149,2025-02-03,Product E,South,15,1350,127.34,2025
1150,2025-02-04,Product E,North,5,450,35.8,2025
1151,2025-02-04,Product C,West Coast,7,840,107.53,2025
1152,2025-02-04,Product A,South,7,350,80.29,2025
1153,2025-02-05,Product E,South,12,1080,315.32,2025
1154,2025-02-05,Product E,North,9,810,184.35,2025
1155,2025-02-05,Product E,East,19,1710,94.0,2025
1156,2025-02-06,Product A,West Coast,9,450,54.8,2025
1157,2025-02-08,Product A,Central,7,350,27.96,2025
1158,2025-02-09,Product C,North,8,960,286.52,2025
1159,2025-02-09,Product A,Central,20,1000,255.11,2025
1160,2025-02-10,Product D,East,17,2550,528.61,2025
1161,2025-02-11,Product E,East,18,1620,129.8,2025
1162,2025-02-12,Product C,North,16,1920,563.63,2025
1163,2025-02-12,Product D,West Coast,14,2100,171.19,2025
1164,2025-02-12,Product A,West Coast,1,50,11.15,2025
1165,2025-02-13,Product A,South,20,1000,190.12,2025
1166,2025-02-13,Product C,South,11,1320,138.76,2025
1167,2025-02-13,Product A,North,2,100,24.38,2025
1168,2025-02-13,Product A,North,19,950,77.58,2025
1169,2025-02-14,Product B,East,6,450,112.3,2025
1170,2025-02-14,Product A,South,7,350,54.22,2025
1171,2025-02-14,Product A,East,16,800,52.72,2025
1172,2025-02-14,Product C,Central,7,840,86.73,2025
1173,2025-02-15,Product B,East,18,1350,340.71,2025
1174,2025-02-15,Product B,North,7,525,87.88,2025
1175,2025-02-16,Product D,West Coast,12,1800,114.88,2025
1176,2025-02-17,Product E,East,13,1170,244.09,2025
1177,2025-02-17,Product A,South,3,150,11.96,2025
1178,2025-02-18,Product C,Central,2,240,22.57,2025
1179,2025-02-18,Product D,Central,17,2550,487.37,2025
1180,2025-02-19,Product A,Central,13,650,173.61,2025
1181,2025-02-19,Product D,East,6,900,76.6,2025
1182,2025-02-19,Product A,East,9,450,114.8,2025
1183,2025-02-21,Product A,South,7,350,77.36,2025
1184,2025-02-23,Product C,West Coast,15,1800,529.12,2025
1185,2025-02-24,Product C,North,3,360,68.7,2025
1186,2025-02-24,Product A,North,11,550,65.21,2025
1187,2025-02-24,Product B,West Coast,14,1050,210.52,2025
1188,2025-02-24,Product A,North,7,350,46.46,2025
1189,2025-02-25,Product A,Central,16,800,179.62,2025
1190,2025-02-25,Product B,South,16,1200,331.44,2025
1191,2025-02-26,Product B,North,17,1275,136.3,2025
1192,2025-02-26,Product A,South,19,950,264.78,2025
1193,2025-02-26,Product D,West Coast,14,2100,352.45,2025
1194,2025-02-28,Product C,East,17,2040,257.93,2025
1195,2025-02-28,Product D,North,19,2850,628.98,2025
1196,2025-03-01,Product C,North,20,2400,267.46,2025
1197,2025-03-01,Product C,West Coast,4,480,43.95,2025
1198,2025-03-03,Product A,North,3,150,9.01,2025
1199,2025-03-03,Product B,South,8,600,75.91,2025
1200,2025-03-03,Product C,North,6,720,135.21,2025
1201,2025-03-05,Product A,South,20,1000,170.94,2025
1202,2025-03-06,Product C,South,17,2040,442.66,2025
1203,2025-03-06,Product E,West Coast,2,180,52.06,2025
1204,2025-03-09,Product D,East,11,1650,249.71,2025
1205,2025-03-09,Product E,East,3,270,60.35,2025
1206,2025-03-09,Product A,South,12,600,67.01,2025
1207,2025-03-09,Product C,Central,16,1920,349.01,2025
1208,2025-03-09,Product C,East,4,480,36.27,2025
1209,2025-03-10,Product A,East,15,750,118.77,2025
1210,2025-03-10,Product D,South,11,1650,259.96,2025
1211,2025-03-10,Product C,East,9,1080,195.85,2025
1212,2025-03-11,Product D,East,13,1950,554.61,2025
1213,2025-03-11,Product D,South,14,2100,390.98,2025
1214,2025-03-12,Product A,North,11,550,75.59,2025
1215,2025-03-13,Product D,West Coast,14,2100,498.51,2025
1216,2025-03-14,Product E,West Coast,5,450,92.82,2025
1217,2025-03-14,Product D,West Coast,8,1200,313.26,2025
1218,2025-03-15,Product B,West Coast,7,525,152.78,2025
1219,2025-03-15,Product E,West Coast,2,180,10.1,2025
1220,2025-03-17,Product B,East,3,225,16.08,2025
1221,2025-03-17,Product C,West Coast,16,1920,444.78,2025
1222,2025-03-17,Product A,West Coast,15,750,186.98,2025
1223,2025-03-18,Product E,Central,9,810,237.36,2025
1224,2025-03-18,Product D,East,17,2550,300.79,2025
1225,2025-03-18,Product E,East,7,630,151.6,2025
1226,2025-03-18,Product D,South,10,1500,221.06,2025
1227,2025-03-18,Product C,North,9,1080,85.25,2025
1228,2025-03-19,Product A,South,3,150,30.96,2025
1229,2025-03-19,Product B,South,2,150,17.42,2025
1230,2025-03-20,Product A,South,10,500,138.66,2025
1231,2025-03-20,Product E,North,6,540,138.15,2025
1232,2025-03-21,Product D,North,2,300,24.48,2025
1233,2025-03-21,Product E,East,14,1260,350.36,2025
1234,2025-03-24,Product D,East,1,150,23.4,2025
1235,2025-03-24,Product B,Central,8,600,96.92,2025
1236,2025-03-25,Product E,North,12,1080,306.81,2025
1237,2025-03-25,Product E,North,11,990,103.52,2025
1238,2025-03-27,Product A,North,5,250,39.71,2025
1239,2025-03-27,Product C,North,14,1680,459.9,2025
1240,2025-03-27,Product E,Central,2,180,14.96,2025
1241,2025-03-29,Product A,South,2,100,19.62,2025
1242,2025-03-29,Product C,Central,15,1800,508.48,2025
1243,2025-03-30,Product D,East,4,600,53.58,2025
1244,2025-03-31,Product B,North,16,1200,159.44,2025
1245,2025-04-02,Product D,West Coast,3,450,75.89,2025
1246,2025-04-02,Product D,Central,7,1050,219.3,2025
1247,2025-04-03,Product E,West Coast,1,90,23.14,2025
1248,2025-04-03,Product E,South,6,540,103.8,2025
1249,2025-04-03,Product D,Central,5,750,63.12,2025
1250,2025-04-03,Product B,Central,12,900,179.78,2025
1251,2025-04-03,Product D,North,9,1350,304.89,2025
1252,2025-04-04,Product C,South,5,600,122.61,2025
1253,2025-04-04,Product A,East,3,150,44.68,2025
1254,2025-04-04,Product E,West Coast,16,1440,397.03,2025
1255,2025-04-04,Product C,South,17,2040,294.98,2025
1256,2025-04-04,Product D,East,12,1800,107.25,2025
1257,2025-04-05,Product C,Central,12,1440,126.37,2025
1258,2025-04-05,Product D,South,10,1500,200.22,2025
1259,2025-04-06,Product D,East,17,2550,356.99,2025
1260,2025-04-06,Product B,North,8,600,33.68,2025
1261,2025-04-07,Product C,West Coast,9,1080,59.29,2025
1262,2025-04-08,Product C,Central,7,840,44.33,2025
1263,2025-04-08,Product B,East,14,1050,121.13,2025
1264,2025-04-11,Product A,North,9,450,89.68,2025
1265,2025-04-11,Product A,Central,20,1000,146.44,2025
1266,2025-04-11,Product B,North,15,1125,325.25,2025
1267,2025-04-13,Product A,Central,7,350,31.02,2025
1268,2025-04-14,Product E,West Coast,13,1170,125.41,2025
1269,2025-04-14,Product A,West Coast,16,800,205.57,2025
1270,2025-04-15,Product E,South,7,630,63.69,2025
1271,2025-04-16,Product E,North,1,90,25.28,2025
1272,2025-04-16,Product E,North,5,450,72.06,2025
1273,2025-04-16,Product E,Central,12,1080,246.95,2025
1274,2025-04-17,Product A,South,15,750,44.71,2025
1275,2025-04-17,Product B,West Coast,15,1125,102.11,2025
1276,2025-04-18,Product B,North,16,1200,293.59,2025
1277,2025-04-18,Product C,Central,18,2160,274.43,2025
1278,2025-04-18,Product C,East,8,960,208.07,2025
1279,2025-04-19,Product D,Central,12,1800,90.49,2025
1280,2025-04-20,Product A,North,14,700,79.87,2025
1281,2025-04-21,Product A,North,17,850,47.94,2025
1282,2025-04-21,Product C,North,17,2040,596.89,2025
1283,2025-04-21,Product C,South,17,2040,412.78,2025
1284,2025-04-21,Product E,East,17,1530,299.28,2025
1285,2025-04-23,Product B,North,1,75,14.5,2025
1286,2025-04-23,Product C,East,17,2040,444.78,2025
1287,2025-04-24,Product D,Central,4,600,168.56,2025
1288,2025-04-27,Product D,South,2,300,55.26,2025
1289,2025-04-27,Product C,South,8,960,98.95,2025
1290,2025-04-28,Product E,South,16,1440,83.3,2025
1291,2025-04-28,Product E,Central,9,810,103.45,2025
1292,2025-04-29,Product D,South,5,750,79.12,2025
1293,2025-04-30,Product D,Central,1,150,13.68,2025
1294,2025-05-01,Product C,South,11,1320,361.16,2025
1295,2025-05-02,Product A,West Coast,1,50,6.83,2025
1296,2025-05-02,Product A,West Coast,1,50,8.81,2025
1297,2025-05-03,Product C,Central,10,1200,144.4,2025
1298,2025-05-04,Product E,East,4,360,58.61,2025
1299,2025-05-04,Product C,East,6,720,169.98,2025
1300,2025-05-05,Product B,West Coast,9,675,185.59,2025
1301,2025-05-05,Product B,North,1,75,19.76,2025
1302,2025-05-05,Product A,Central,18,900,220.82,2025
1303,2025-05-06,Product A,West Coast,20,1000,110.47,2025
1304,2025-05-07,Product C,East,2,240,33.86,2025
1305,2025-05-08,Product B,East,10,750,186.02,2025
1306,2025-05-08,Product D,West Coast,18,2700,650.32,2025
1307,2025-05-08,Product E,West Coast,16,1440,178.59,2025
1308,2025-05-09,Product B,North,12,900,117.76,2025
1309,2025-05-11,Product A,South,9,450,129.43,2025
1310,2025-05-11,Product A,South,8,400,69.44,2025
1311,2025-05-12,Product A,West Coast,7,350,74.69,2025
1312,2025-05-14,Product E,South,1,90,26.0,2025
1313,2025-05-14,Product A,East,6,300,84.78,2025
1314,2025-05-14,Product C,Central,20,2400,215.05,2025
1315,2025-05-15,Product B,North,14,1050,149.79,2025
1316,2025-05-16,Product E,South,18,1620,463.6,2025
1317,2025-05-16,Product C,Central,8,960,213.88,2025
1318,2025-05-16,Product B,North,8,600,146.53,2025
1319,2025-05-16,Product E,North,14,1260,321.06,2025
1320,2025-05-16,Product A,South,7,350,46.0,2025
1321,2025-05-17,Product D,North,3,450,82.48,2025
1322,2025-05-17,Product E,Central,15,1350,394.01,2025
1323,2025-05-18,Product A,North,12,600,140.37,2025
1324,2025-05-18,Product B,West Coast,16,1200,185.53,2025
1325,2025-05-21,Product D,Central,9,1350,149.31,2025
1326,2025-05-21,Product E,Central,7,630,43.42,2025
1327,2025-05-21,Product A,East,4,200,32.38,2025
1328,2025-05-23,Product A,North,3,150,18.94,2025
1329,2025-05-23,Product A,South,18,900,173.27,2025
1330,2025-05-23,Product C,South,18,2160,638.16,2025
1331,2025-05-23,Product E,North,5,450,29.79,2025
1332,2025-05-24,Product D,Central,15,2250,474.41,2025
1333,2025-05-24,Product C,East,12,1440,146.65,2025
1334,2025-05-24,Product A,East,3,150,13.07,2025
1335,2025-05-25,Product B,North,12,900,243.4,2025
1336,2025-05-25,Product E,West Coast,16,1440,124.95,2025
1337,2025-05-25,Product B,East,3,225,11.95,2025
1338,2025-05-25,Product B,West Coast,19,1425,291.62,2025
1339,2025-05-25,Product D,South,6,900,266.59,2025
1340,2025-05-27,Product E,South,15,1350,310.12,2025
1341,2025-05-27,Product A,Central,18,900,189.1,2025
1342,2025-05-30,Product B,West Coast,9,675,187.01,2025
1343,2025-05-30,Product C,South,6,720,152.45,2025
1344,2025-05-30,Product B,West Coast,8,600,113.78,2025
1345,2025-05-30,Product C,North,2,240,45.36,2025
1346,2025-05-30,Product D,East,2,300,77.97,2025
1347,2025-05-31,Product E,South,5,450,70.42,2025
1348,2025-05-31,Product B,North,11,825,118.79,2025
1349,2025-06-01,Product C,South,9,1080,109.99,2025
1350,2025-06-01,Product E,Central,16,1440,184.22,2025
1351,2025-06-02,Product B,North,15,1125,181.92,2025
1352,2025-06-03,Product A,Central,6,300,16.34,2025
1353,2025-06-04,Product D,West Coast,4,600,74.05,2025
1354,2025-06-05,Product E,West Coast,2,180,9.1,2025
1355,2025-06-06,Product D,West Coast,7,1050,73.66,2025
1356,2025-06-06,Product E,South,11,990,135.48,2025
1357,2025-06-06,Product C,East,17,2040,371.17,2025
1358,2025-06-07,Product C,Central,16,1920,237.45,2025
1359,2025-06-07,Product C,Central,18,2160,563.68,2025
1360,2025-06-08,Product A,East,20,1000,116.48,2025
1361,2025-06-09,Product B,Central,17,1275,166.51,2025
1362,2025-06-09,Product E,North,3,270,26.42,2025
1363,2025-06-10,Product E,East,3,270,40.18,2025
1364,2025-06-10,Product A,South,4,200,17.82,2025
1365,2025-06-11,Product E,South,1,90,9.26,2025
1366,2025-06-11,Product B,West Coast,16,1200,185.34,2025
1367,2025-06-12,Product C,East,16,1920,131.5,2025
1368,2025-06-13,Product C,South,8,960,262.26,2025
1369,2025-06-14,Product E,South,15,1350,231.55,2025
1370,2025-06-15,Product D,Central,10,1500,218.38,2025
1371,2025-06-16,Product E,East,10,900,68.97,2025
1372,2025-06-17,Product E,South,5,450,89.35,2025
1373,2025-06-18,Product C,North,10,1200,179.68,2025
1374,2025-06-19,Product C,North,1,120,11.97,2025
1375,2025-06-20,Product D,West Coast,11,1650,355.23,2025
1376,2025-06-21,Product A,Central,16,800,135.68,2025
1377,2025-06-21,Product C,East,6,720,200.69,2025
1378,2025-06-21,Product B,East,2,150,40.16,2025
1379,2025-06-22,Product B,West Coast,11,825,113.05,2025
1380,2025-06-22,Product A,South,7,350,52.74,2025
1381,2025-06-22,Product C,South,6,720,200.18,2025
1382,2025-06-22,Product D,Central,15,2250,655.12,2025
1383,2025-06-24,Product E,North,18,1620,401.23,2025
1384,2025-06-25,Product B,West Coast,12,900,61.31,2025
1385,2025-06-25,Product D,North,2,300,18.08,2025
1386,2025-06-26,Product A,Central,4,200,40.88,2025
1387,2025-06-26,Product D,East,14,2100,501.21,2025
1388,2025-06-26,Product D,North,13,1950,442.45,2025
1389,2025-06-26,Product E,East,17,1530,374.96,2025
1390,2025-06-26,Product D,East,16,2400,219.33,2025
1391,2025-06-27,Product A,Central,2,100,5.5,2025
1392,2025-06-28,Product C,North,4,480,91.19,2025
1393,2025-06-28,Product A,Central,18,900,245.72,2025
1394,2025-06-28,Product C,North,10,1200,135.12,2025
1395,2025-06-28,Product B,West Coast,10,750,72.5,2025
1396,2025-06-29,Product B,South,8,600,162.24,2025
1397,2025-06-30,Product E,South,1,90,12.15,2025
1398,2025-06-30,Product C,North,17,2040,282.02,2025
1399,2025-06-30,Product B,East,17,1275,257.83,2025
1400,2025-06-30,Product E,South,4,360,42.13,2025
